<?xml version="1.0" encoding="UTF-8"?>
<beans xmlns="http://www.springframework.org/schema/beans"
	xmlns:xsi="http://www.w3.org/2001/XMLSchema-instance"
	xmlns:context="http://www.springframework.org/schema/context"
	xmlns:tx="http://www.springframework.org/schema/tx"
	xmlns:aop="http://www.springframework.org/schema/aop"
	xsi:schemaLocation="http://www.springframework.org/schema/aop http://www.springframework.org/schema/aop/spring-aop-3.1.xsd
		http://www.springframework.org/schema/beans http://www.springframework.org/schema/beans/spring-beans-3.1.xsd
		http://www.springframework.org/schema/tx http://www.springframework.org/schema/tx/spring-tx-3.1.xsd
		http://www.springframework.org/schema/context http://www.springframework.org/schema/context/spring-context-3.1.xsd">
	
	<!-- Root Context: defines shared resources visible to all other web components -->
	 <context:component-scan base-package="com.mss.web,com.mss.app" />
	
	<tx:annotation-driven transaction-manager="hibernateTransactionManager"/>
	
	
	<bean id="driverManagerDataSource" class="org.springframework.jdbc.datasource.DriverManagerDataSource">
		<property name="driverClassName" value="org.gjt.mm.mysql.Driver"></property>		
		<property name="url" value="jdbc:mysql://localhost:3306/miraclestore_dev"></property>
		<property name="username" value="root"></property>
		<property name="password" value="mani@1492"></property>
	</bean>
	
	<bean id="sessionFactory" class="org.springframework.orm.hibernate4.LocalSessionFactoryBean">
		<property name="dataSource" ref="driverManagerDataSource"></property>
		<property name="configLocation" value="classpath:config/hibernate.cfg.xml"></property>		
	</bean>
	
	<bean id="hibernateTransactionManager" class="org.springframework.orm.hibernate4.HibernateTransactionManager">
		<property name="sessionFactory" ref="sessionFactory"></property>
	</bean>
		
</beans>

